{
 "golden": "eval/golden/day4.jsonl",
 "packages": [
  "samples/package-a",
  "samples/package-c"
 ],
 "reranker": {
  "BAAI/bge-reranker-v2-m3": "953dc6f6f85a1b2dbfca4c34a2796e7dde08d41e"
 },
 "threshold": 0.0004002201894763857,
 "threshold_display": 0.0004,
 "rule": "zero-false-refusal: min answerable top-1 (refuse strictly below); gate 1 catches 1/15 traps, the rest fall through to the LLM and citation gates",
 "answerable_top1": {
  "C101": 0.0004,
  "C102": 0.007819,
  "C103": 0.007302,
  "C104": 0.066379,
  "C105": 0.031717,
  "C106": 0.120269,
  "C107": 0.011316,
  "C108": 0.12134,
  "C109": 0.000873,
  "C110": 0.066676,
  "C111": 0.11039,
  "C112": 0.005388,
  "C120": 0.994843,
  "C121": 0.992159,
  "C122": 0.846396,
  "C123": 0.997435,
  "C124": 0.912817,
  "C125": 0.997494,
  "C126": 0.998129,
  "C127": 0.980821,
  "C128": 0.997629,
  "C129": 0.953277,
  "C130": 0.996923,
  "C131": 0.98514,
  "C132": 0.967996,
  "C133": 0.023082,
  "C134": 0.9961,
  "C135": 0.997207,
  "C136": 0.995622,
  "C137": 0.994968,
  "C138": 0.085614,
  "C139": 0.05327,
  "C140": 0.699658,
  "C141": 0.308859,
  "C142": 0.989584,
  "C143": 0.952414,
  "C144": 0.989969,
  "C145": 0.982033,
  "C146": 0.946853,
  "C147": 0.013234,
  "Q001": 0.534728,
  "Q002": 0.369846,
  "Q003": 0.977453,
  "Q004": 0.976596,
  "Q005": 0.071713,
  "Q006": 0.939579,
  "Q007": 0.416869,
  "Q008": 0.426415,
  "Q009": 0.970315,
  "Q010": 0.867829,
  "Q011": 0.997173,
  "Q012": 0.893333,
  "Q013": 0.987204,
  "Q014": 0.929475,
  "Q015": 0.584944,
  "Q016": 0.909136,
  "Q017": 0.99933,
  "Q018": 0.995057,
  "Q019": 0.948844,
  "Q024": 0.970773,
  "Q025": 0.988771,
  "Q026": 0.998066,
  "Q027": 0.588815,
  "Q028": 0.980567,
  "Q029": 0.002911,
  "Q030": 0.972439,
  "Q031": 0.994692
 },
 "no_answer_top1": {
  "C113": 0.477132,
  "C114": 0.603851,
  "C115": 0.432419,
  "C116": 0.335566,
  "C117": 0.582387,
  "C118": 0.002781,
  "C119": 0.358562,
  "C148": 0.001163,
  "C149": 0.015618,
  "C150": 0.028734,
  "Q020": 0.035079,
  "Q021": 0.001129,
  "Q022": 0.000957,
  "Q023": 0.000166,
  "Q032": 0.016469
 }
}